loss,accuracy,macro_f1
1.861856,0.220953,0.172838
